[{"model": "contenttypes.contenttype", "pk": 1, "fields": {"app_label": "admin", "model": "logentry"}}, {"model": "contenttypes.contenttype", "pk": 2, "fields": {"app_label": "auth", "model": "permission"}}, {"model": "contenttypes.contenttype", "pk": 3, "fields": {"app_label": "auth", "model": "group"}}, {"model": "contenttypes.contenttype", "pk": 4, "fields": {"app_label": "auth", "model": "user"}}, {"model": "contenttypes.contenttype", "pk": 5, "fields": {"app_label": "contenttypes", "model": "contenttype"}}, {"model": "contenttypes.contenttype", "pk": 6, "fields": {"app_label": "sessions", "model": "session"}}, {"model": "contenttypes.contenttype", "pk": 7, "fields": {"app_label": "blog", "model": "blog"}}, {"model": "contenttypes.contenttype", "pk": 8, "fields": {"app_label": "blog", "model": "blogtype"}}, {"model": "contenttypes.contenttype", "pk": 9, "fields": {"app_label": "blog", "model": "readnum"}}, {"model": "contenttypes.contenttype", "pk": 10, "fields": {"app_label": "read_statistics", "model": "readnum"}}, {"model": "contenttypes.contenttype", "pk": 11, "fields": {"app_label": "read_statistics", "model": "readdetail"}}, {"model": "contenttypes.contenttype", "pk": 12, "fields": {"app_label": "comment", "model": "comment"}}, {"model": "contenttypes.contenttype", "pk": 13, "fields": {"app_label": "likes", "model": "likecount"}}, {"model": "contenttypes.contenttype", "pk": 14, "fields": {"app_label": "likes", "model": "likedrecord"}}, {"model": "contenttypes.contenttype", "pk": 15, "fields": {"app_label": "user", "model": "profile"}}, {"model": "sessions.session", "pk": "0iugv4mnaocarbspc59epozsyaii2rkx", "fields": {"session_data": "NDdhMWRmZDczYTEwZTdhYWFkZDRjZDYyN2IzMDdjNTI0ZDVjYThlMTp7fQ==", "expire_date": "2020-07-15T03:01:56.039Z"}}, {"model": "sessions.session", "pk": "1lu48yvpumip3o3hvhhe5znf5o7kmick", "fields": {"session_data": "ZTUyMzJkNzUyMmFmMjA2NzdmYWFiMjFkMzBhYjI3NjgwYzUyNDJmZDp7Il9hdXRoX3VzZXJfaWQiOiIxIiwiX2F1dGhfdXNlcl9iYWNrZW5kIjoiZGphbmdvLmNvbnRyaWIuYXV0aC5iYWNrZW5kcy5Nb2RlbEJhY2tlbmQiLCJfYXV0aF91c2VyX2hhc2giOiIzMWE3MDk1OGQxMWVkZGU1NmIyZjBlMDdhZTk4ZmI2YjdmNzY4ZmMxIn0=", "expire_date": "2020-07-07T04:45:33.990Z"}}, {"model": "sessions.session", "pk": "3q9ngm565059q7fhxmuqbsvrqg7ndjlq", "fields": {"session_data": "ZTUyMzJkNzUyMmFmMjA2NzdmYWFiMjFkMzBhYjI3NjgwYzUyNDJmZDp7Il9hdXRoX3VzZXJfaWQiOiIxIiwiX2F1dGhfdXNlcl9iYWNrZW5kIjoiZGphbmdvLmNvbnRyaWIuYXV0aC5iYWNrZW5kcy5Nb2RlbEJhY2tlbmQiLCJfYXV0aF91c2VyX2hhc2giOiIzMWE3MDk1OGQxMWVkZGU1NmIyZjBlMDdhZTk4ZmI2YjdmNzY4ZmMxIn0=", "expire_date": "2020-07-09T06:37:03.890Z"}}, {"model": "sessions.session", "pk": "8spjil0tdr0lej21drt7j6y1argw8gjm", "fields": {"session_data": "ZTUyMzJkNzUyMmFmMjA2NzdmYWFiMjFkMzBhYjI3NjgwYzUyNDJmZDp7Il9hdXRoX3VzZXJfaWQiOiIxIiwiX2F1dGhfdXNlcl9iYWNrZW5kIjoiZGphbmdvLmNvbnRyaWIuYXV0aC5iYWNrZW5kcy5Nb2RlbEJhY2tlbmQiLCJfYXV0aF91c2VyX2hhc2giOiIzMWE3MDk1OGQxMWVkZGU1NmIyZjBlMDdhZTk4ZmI2YjdmNzY4ZmMxIn0=", "expire_date": "2020-07-11T03:31:42.867Z"}}, {"model": "sessions.session", "pk": "a8nps427gm4ykbnzinkfpdfvko6atmma", "fields": {"session_data": "ZTUyMzJkNzUyMmFmMjA2NzdmYWFiMjFkMzBhYjI3NjgwYzUyNDJmZDp7Il9hdXRoX3VzZXJfaWQiOiIxIiwiX2F1dGhfdXNlcl9iYWNrZW5kIjoiZGphbmdvLmNvbnRyaWIuYXV0aC5iYWNrZW5kcy5Nb2RlbEJhY2tlbmQiLCJfYXV0aF91c2VyX2hhc2giOiIzMWE3MDk1OGQxMWVkZGU1NmIyZjBlMDdhZTk4ZmI2YjdmNzY4ZmMxIn0=", "expire_date": "2020-07-13T07:21:24.722Z"}}, {"model": "sessions.session", "pk": "dx2p7i3b7228dlxushuehb0dk9l4jstm", "fields": {"session_data": "ZTUyMzJkNzUyMmFmMjA2NzdmYWFiMjFkMzBhYjI3NjgwYzUyNDJmZDp7Il9hdXRoX3VzZXJfaWQiOiIxIiwiX2F1dGhfdXNlcl9iYWNrZW5kIjoiZGphbmdvLmNvbnRyaWIuYXV0aC5iYWNrZW5kcy5Nb2RlbEJhY2tlbmQiLCJfYXV0aF91c2VyX2hhc2giOiIzMWE3MDk1OGQxMWVkZGU1NmIyZjBlMDdhZTk4ZmI2YjdmNzY4ZmMxIn0=", "expire_date": "2020-07-16T12:28:30.326Z"}}, {"model": "sessions.session", "pk": "ecfg3sshxxy1jxbz9ymnsu3drnr2kqqv", "fields": {"session_data": "NDdhMWRmZDczYTEwZTdhYWFkZDRjZDYyN2IzMDdjNTI0ZDVjYThlMTp7fQ==", "expire_date": "2020-07-15T03:02:29.510Z"}}, {"model": "sessions.session", "pk": "h7p4di2o2z6bfuvv08t1s8fop3sbyo2a", "fields": {"session_data": "ZTIzNzZmMTI2NGIyNzdiMDE5NmQwYTE3YmM1Y2E4ZTYwODhmYmVkZDp7InNlbmRfY29kZV90aW1lIjoxNTkzNTc2Mjg0LCJfYXV0aF91c2VyX2lkIjoiNSIsIl9hdXRoX3VzZXJfYmFja2VuZCI6ImRqYW5nby5jb250cmliLmF1dGguYmFja2VuZHMuTW9kZWxCYWNrZW5kIiwiX2F1dGhfdXNlcl9oYXNoIjoiM2JiNDdiYWRiNmUzMTQ0YjZiYzUzOTczZjdhYjFkYzcxMDBkNTFmMSJ9", "expire_date": "2020-07-15T04:05:52.781Z"}}, {"model": "sessions.session", "pk": "hbm57gytc44vmomrpjro9pmhdeca1air", "fields": {"session_data": "ZTUyMzJkNzUyMmFmMjA2NzdmYWFiMjFkMzBhYjI3NjgwYzUyNDJmZDp7Il9hdXRoX3VzZXJfaWQiOiIxIiwiX2F1dGhfdXNlcl9iYWNrZW5kIjoiZGphbmdvLmNvbnRyaWIuYXV0aC5iYWNrZW5kcy5Nb2RlbEJhY2tlbmQiLCJfYXV0aF91c2VyX2hhc2giOiIzMWE3MDk1OGQxMWVkZGU1NmIyZjBlMDdhZTk4ZmI2YjdmNzY4ZmMxIn0=", "expire_date": "2020-07-09T07:21:54.289Z"}}, {"model": "sessions.session", "pk": "i6fxitegfiexe7ozqglr3cadu2qevqdk", "fields": {"session_data": "NDdhMWRmZDczYTEwZTdhYWFkZDRjZDYyN2IzMDdjNTI0ZDVjYThlMTp7fQ==", "expire_date": "2020-07-15T03:01:47.735Z"}}, {"model": "sessions.session", "pk": "ijukowyetkhra39bc5rj05qknprzegh2", "fields": {"session_data": "NDdhMWRmZDczYTEwZTdhYWFkZDRjZDYyN2IzMDdjNTI0ZDVjYThlMTp7fQ==", "expire_date": "2020-07-15T03:11:07.414Z"}}, {"model": "sessions.session", "pk": "lfdw670f3hqyqjh3kj3ba1rnf3d23z7u", "fields": {"session_data": "MWQxM2RjOThiMzM3ZDczZWQ2NTA1ZmQyYzcxN2Y5NWEyODRiM2FkYjp7Il9hdXRoX3VzZXJfaWQiOiIxIiwiX2F1dGhfdXNlcl9iYWNrZW5kIjoiZGphbmdvLmNvbnRyaWIuYXV0aC5iYWNrZW5kcy5Nb2RlbEJhY2tlbmQiLCJfYXV0aF91c2VyX2hhc2giOiIzMWE3MDk1OGQxMWVkZGU1NmIyZjBlMDdhZTk4ZmI2YjdmNzY4ZmMxIiwiYmluZF9lbWFpbF9jb2RlIjoiVk5sdyJ9", "expire_date": "2020-07-14T07:57:09.370Z"}}, {"model": "sessions.session", "pk": "nz2um1irrfgydst1nslhktdtueqvs26a", "fields": {"session_data": "NDdhMWRmZDczYTEwZTdhYWFkZDRjZDYyN2IzMDdjNTI0ZDVjYThlMTp7fQ==", "expire_date": "2020-07-15T03:08:21.374Z"}}, {"model": "sessions.session", "pk": "oo7hndy0w02eva9xrmmubqjqwzc5bdet", "fields": {"session_data": "ZTUyMzJkNzUyMmFmMjA2NzdmYWFiMjFkMzBhYjI3NjgwYzUyNDJmZDp7Il9hdXRoX3VzZXJfaWQiOiIxIiwiX2F1dGhfdXNlcl9iYWNrZW5kIjoiZGphbmdvLmNvbnRyaWIuYXV0aC5iYWNrZW5kcy5Nb2RlbEJhY2tlbmQiLCJfYXV0aF91c2VyX2hhc2giOiIzMWE3MDk1OGQxMWVkZGU1NmIyZjBlMDdhZTk4ZmI2YjdmNzY4ZmMxIn0=", "expire_date": "2020-07-12T07:30:33.602Z"}}, {"model": "sessions.session", "pk": "yo5mfep6mkmfxjnxbd7jetx6ujzyjhy7", "fields": {"session_data": "ZTUyMzJkNzUyMmFmMjA2NzdmYWFiMjFkMzBhYjI3NjgwYzUyNDJmZDp7Il9hdXRoX3VzZXJfaWQiOiIxIiwiX2F1dGhfdXNlcl9iYWNrZW5kIjoiZGphbmdvLmNvbnRyaWIuYXV0aC5iYWNrZW5kcy5Nb2RlbEJhY2tlbmQiLCJfYXV0aF91c2VyX2hhc2giOiIzMWE3MDk1OGQxMWVkZGU1NmIyZjBlMDdhZTk4ZmI2YjdmNzY4ZmMxIn0=", "expire_date": "2020-07-10T07:58:56.808Z"}}, {"model": "blog.blogtype", "pk": 1, "fields": {"type_name": "Django"}}, {"model": "blog.blogtype", "pk": 2, "fields": {"type_name": "\u968f\u7b14"}}, {"model": "blog.blogtype", "pk": 3, "fields": {"type_name": "\u611f\u609f"}}, {"model": "read_statistics.readnum", "pk": 1, "fields": {"read_num": 23, "content_type": 7, "object_id": 36}}, {"model": "read_statistics.readnum", "pk": 2, "fields": {"read_num": 10, "content_type": 7, "object_id": 35}}, {"model": "read_statistics.readnum", "pk": 3, "fields": {"read_num": 1, "content_type": 7, "object_id": 32}}, {"model": "read_statistics.readnum", "pk": 4, "fields": {"read_num": 2, "content_type": 7, "object_id": 34}}, {"model": "read_statistics.readnum", "pk": 5, "fields": {"read_num": 1, "content_type": 7, "object_id": 6}}, {"model": "read_statistics.readdetail", "pk": 1, "fields": {"date": "2020-06-23", "read_num": 4, "content_type": 7, "object_id": 36}}, {"model": "read_statistics.readdetail", "pk": 2, "fields": {"date": "2020-06-24", "read_num": 1, "content_type": 7, "object_id": 35}}, {"model": "read_statistics.readdetail", "pk": 3, "fields": {"date": "2020-06-24", "read_num": 1, "content_type": 7, "object_id": 34}}, {"model": "read_statistics.readdetail", "pk": 4, "fields": {"date": "2020-06-24", "read_num": 1, "content_type": 7, "object_id": 36}}, {"model": "read_statistics.readdetail", "pk": 5, "fields": {"date": "2020-06-23", "read_num": 2, "content_type": 7, "object_id": 35}}, {"model": "read_statistics.readdetail", "pk": 6, "fields": {"date": "2020-06-25", "read_num": 3, "content_type": 7, "object_id": 36}}, {"model": "read_statistics.readdetail", "pk": 7, "fields": {"date": "2020-06-26", "read_num": 2, "content_type": 7, "object_id": 36}}, {"model": "read_statistics.readdetail", "pk": 8, "fields": {"date": "2020-06-27", "read_num": 1, "content_type": 7, "object_id": 36}}, {"model": "read_statistics.readdetail", "pk": 9, "fields": {"date": "2020-06-27", "read_num": 1, "content_type": 7, "object_id": 35}}, {"model": "read_statistics.readdetail", "pk": 10, "fields": {"date": "2020-06-28", "read_num": 1, "content_type": 7, "object_id": 36}}, {"model": "read_statistics.readdetail", "pk": 11, "fields": {"date": "2020-06-28", "read_num": 1, "content_type": 7, "object_id": 34}}, {"model": "read_statistics.readdetail", "pk": 12, "fields": {"date": "2020-06-28", "read_num": 2, "content_type": 7, "object_id": 35}}, {"model": "read_statistics.readdetail", "pk": 13, "fields": {"date": "2020-06-29", "read_num": 1, "content_type": 7, "object_id": 36}}, {"model": "read_statistics.readdetail", "pk": 14, "fields": {"date": "2020-06-29", "read_num": 3, "content_type": 7, "object_id": 35}}, {"model": "read_statistics.readdetail", "pk": 15, "fields": {"date": "2020-06-30", "read_num": 1, "content_type": 7, "object_id": 36}}, {"model": "read_statistics.readdetail", "pk": 16, "fields": {"date": "2020-07-02", "read_num": 1, "content_type": 7, "object_id": 36}}, {"model": "read_statistics.readdetail", "pk": 17, "fields": {"date": "2020-07-03", "read_num": 1, "content_type": 7, "object_id": 36}}, {"model": "read_statistics.readdetail", "pk": 18, "fields": {"date": "2020-07-03", "read_num": 1, "content_type": 7, "object_id": 6}}, {"model": "likes.likecount", "pk": 1, "fields": {"content_type": 7, "object_id": 35, "liked_num": 1}}, {"model": "likes.likecount", "pk": 2, "fields": {"content_type": 7, "object_id": 36, "liked_num": 1}}, {"model": "likes.likecount", "pk": 3, "fields": {"content_type": 7, "object_id": 34, "liked_num": 0}}, {"model": "likes.likecount", "pk": 4, "fields": {"content_type": 7, "object_id": 33, "liked_num": 0}}, {"model": "likes.likecount", "pk": 5, "fields": {"content_type": 7, "object_id": 32, "liked_num": 0}}, {"model": "likes.likecount", "pk": 6, "fields": {"content_type": 7, "object_id": 31, "liked_num": 0}}, {"model": "likes.likecount", "pk": 7, "fields": {"content_type": 7, "object_id": 30, "liked_num": 0}}, {"model": "likes.likecount", "pk": 8, "fields": {"content_type": 12, "object_id": 23, "liked_num": 1}}, {"model": "likes.likecount", "pk": 9, "fields": {"content_type": 12, "object_id": 25, "liked_num": 1}}, {"model": "likes.likecount", "pk": 10, "fields": {"content_type": 12, "object_id": 26, "liked_num": 1}}, {"model": "likes.likecount", "pk": 11, "fields": {"content_type": 12, "object_id": 27, "liked_num": 1}}, {"model": "likes.likecount", "pk": 12, "fields": {"content_type": 12, "object_id": 19, "liked_num": 0}}, {"model": "likes.likecount", "pk": 13, "fields": {"content_type": 12, "object_id": 18, "liked_num": 0}}, {"model": "likes.likecount", "pk": 14, "fields": {"content_type": 12, "object_id": 17, "liked_num": 0}}, {"model": "likes.likecount", "pk": 15, "fields": {"content_type": 12, "object_id": 16, "liked_num": 0}}, {"model": "likes.likecount", "pk": 16, "fields": {"content_type": 12, "object_id": 15, "liked_num": 0}}, {"model": "likes.likecount", "pk": 17, "fields": {"content_type": 12, "object_id": 14, "liked_num": 0}}, {"model": "likes.likecount", "pk": 18, "fields": {"content_type": 12, "object_id": 13, "liked_num": 0}}, {"model": "likes.likecount", "pk": 19, "fields": {"content_type": 12, "object_id": 12, "liked_num": 0}}, {"model": "likes.likecount", "pk": 20, "fields": {"content_type": 12, "object_id": 10, "liked_num": 0}}, {"model": "likes.likecount", "pk": 21, "fields": {"content_type": 12, "object_id": 20, "liked_num": 0}}, {"model": "likes.likecount", "pk": 22, "fields": {"content_type": 12, "object_id": 24, "liked_num": 0}}, {"model": "likes.likecount", "pk": 23, "fields": {"content_type": 12, "object_id": 9, "liked_num": 0}}, {"model": "likes.likecount", "pk": 24, "fields": {"content_type": 12, "object_id": 8, "liked_num": 0}}, {"model": "likes.likecount", "pk": 25, "fields": {"content_type": 12, "object_id": 7, "liked_num": 0}}, {"model": "likes.likecount", "pk": 26, "fields": {"content_type": 12, "object_id": 6, "liked_num": 0}}, {"model": "likes.likecount", "pk": 27, "fields": {"content_type": 12, "object_id": 5, "liked_num": 0}}, {"model": "likes.likecount", "pk": 28, "fields": {"content_type": 12, "object_id": 4, "liked_num": 0}}, {"model": "likes.likecount", "pk": 29, "fields": {"content_type": 12, "object_id": 3, "liked_num": 0}}, {"model": "likes.likecount", "pk": 30, "fields": {"content_type": 12, "object_id": 2, "liked_num": 0}}, {"model": "likes.likecount", "pk": 31, "fields": {"content_type": 12, "object_id": 1, "liked_num": 0}}, {"model": "likes.likecount", "pk": 32, "fields": {"content_type": 12, "object_id": 34, "liked_num": 0}}, {"model": "likes.likecount", "pk": 33, "fields": {"content_type": 12, "object_id": 35, "liked_num": 0}}, {"model": "likes.likecount", "pk": 34, "fields": {"content_type": 12, "object_id": 33, "liked_num": 0}}, {"model": "likes.likecount", "pk": 35, "fields": {"content_type": 12, "object_id": 32, "liked_num": 0}}, {"model": "likes.likecount", "pk": 36, "fields": {"content_type": 12, "object_id": 29, "liked_num": 0}}, {"model": "likes.likecount", "pk": 37, "fields": {"content_type": 12, "object_id": 30, "liked_num": 0}}, {"model": "likes.likecount", "pk": 38, "fields": {"content_type": 12, "object_id": 31, "liked_num": 0}}, {"model": "likes.likecount", "pk": 39, "fields": {"content_type": 12, "object_id": 21, "liked_num": 0}}, {"model": "likes.likecount", "pk": 40, "fields": {"content_type": 12, "object_id": 22, "liked_num": 0}}, {"model": "likes.likecount", "pk": 41, "fields": {"content_type": 12, "object_id": 36, "liked_num": 0}}, {"model": "likes.likecount", "pk": 42, "fields": {"content_type": 12, "object_id": 37, "liked_num": 0}}, {"model": "likes.likecount", "pk": 43, "fields": {"content_type": 12, "object_id": 38, "liked_num": 0}}, {"model": "likes.likecount", "pk": 44, "fields": {"content_type": 12, "object_id": 39, "liked_num": 0}}, {"model": "likes.likecount", "pk": 45, "fields": {"content_type": 12, "object_id": 40, "liked_num": 0}}, {"model": "likes.likecount", "pk": 46, "fields": {"content_type": 12, "object_id": 41, "liked_num": 0}}, {"model": "likes.likecount", "pk": 47, "fields": {"content_type": 12, "object_id": 42, "liked_num": 0}}, {"model": "likes.likecount", "pk": 48, "fields": {"content_type": 12, "object_id": 43, "liked_num": 0}}, {"model": "likes.likecount", "pk": 49, "fields": {"content_type": 12, "object_id": 44, "liked_num": 0}}, {"model": "likes.likecount", "pk": 50, "fields": {"content_type": 12, "object_id": 46, "liked_num": 0}}, {"model": "likes.likecount", "pk": 51, "fields": {"content_type": 12, "object_id": 45, "liked_num": 0}}, {"model": "likes.likecount", "pk": 52, "fields": {"content_type": 12, "object_id": 47, "liked_num": 0}}, {"model": "likes.likecount", "pk": 53, "fields": {"content_type": 12, "object_id": 48, "liked_num": 0}}, {"model": "likes.likecount", "pk": 54, "fields": {"content_type": 12, "object_id": 49, "liked_num": 0}}, {"model": "likes.likecount", "pk": 55, "fields": {"content_type": 12, "object_id": 50, "liked_num": 0}}, {"model": "likes.likecount", "pk": 56, "fields": {"content_type": 12, "object_id": 51, "liked_num": 0}}, {"model": "likes.likecount", "pk": 57, "fields": {"content_type": 12, "object_id": 52, "liked_num": 0}}, {"model": "likes.likecount", "pk": 58, "fields": {"content_type": 12, "object_id": 53, "liked_num": 0}}, {"model": "likes.likecount", "pk": 59, "fields": {"content_type": 12, "object_id": 54, "liked_num": 0}}, {"model": "likes.likecount", "pk": 60, "fields": {"content_type": 12, "object_id": 55, "liked_num": 0}}, {"model": "likes.likecount", "pk": 61, "fields": {"content_type": 12, "object_id": 57, "liked_num": 0}}, {"model": "likes.likecount", "pk": 62, "fields": {"content_type": 12, "object_id": 56, "liked_num": 0}}, {"model": "likes.likecount", "pk": 63, "fields": {"content_type": 12, "object_id": 58, "liked_num": 0}}, {"model": "likes.likecount", "pk": 64, "fields": {"content_type": 12, "object_id": 59, "liked_num": 0}}, {"model": "likes.likecount", "pk": 65, "fields": {"content_type": 12, "object_id": 60, "liked_num": 0}}, {"model": "likes.likecount", "pk": 66, "fields": {"content_type": 12, "object_id": 61, "liked_num": 0}}, {"model": "likes.likecount", "pk": 67, "fields": {"content_type": 12, "object_id": 62, "liked_num": 0}}, {"model": "likes.likecount", "pk": 68, "fields": {"content_type": 7, "object_id": 22, "liked_num": 0}}, {"model": "likes.likecount", "pk": 69, "fields": {"content_type": 7, "object_id": 21, "liked_num": 0}}, {"model": "likes.likecount", "pk": 70, "fields": {"content_type": 7, "object_id": 20, "liked_num": 0}}, {"model": "likes.likecount", "pk": 71, "fields": {"content_type": 7, "object_id": 19, "liked_num": 0}}, {"model": "likes.likecount", "pk": 72, "fields": {"content_type": 7, "object_id": 18, "liked_num": 0}}, {"model": "likes.likecount", "pk": 73, "fields": {"content_type": 7, "object_id": 17, "liked_num": 0}}, {"model": "likes.likecount", "pk": 74, "fields": {"content_type": 7, "object_id": 16, "liked_num": 0}}, {"model": "likes.likecount", "pk": 75, "fields": {"content_type": 7, "object_id": 8, "liked_num": 0}}, {"model": "likes.likecount", "pk": 76, "fields": {"content_type": 7, "object_id": 3, "liked_num": 0}}, {"model": "likes.likecount", "pk": 77, "fields": {"content_type": 7, "object_id": 4, "liked_num": 0}}, {"model": "likes.likecount", "pk": 78, "fields": {"content_type": 7, "object_id": 5, "liked_num": 0}}, {"model": "likes.likecount", "pk": 79, "fields": {"content_type": 7, "object_id": 6, "liked_num": 0}}, {"model": "likes.likecount", "pk": 80, "fields": {"content_type": 7, "object_id": 7, "liked_num": 0}}, {"model": "auth.permission", "pk": 1, "fields": {"name": "Can add log entry", "content_type": 1, "codename": "add_logentry"}}, {"model": "auth.permission", "pk": 2, "fields": {"name": "Can change log entry", "content_type": 1, "codename": "change_logentry"}}, {"model": "auth.permission", "pk": 3, "fields": {"name": "Can delete log entry", "content_type": 1, "codename": "delete_logentry"}}, {"model": "auth.permission", "pk": 4, "fields": {"name": "Can add permission", "content_type": 2, "codename": "add_permission"}}, {"model": "auth.permission", "pk": 5, "fields": {"name": "Can change permission", "content_type": 2, "codename": "change_permission"}}, {"model": "auth.permission", "pk": 6, "fields": {"name": "Can delete permission", "content_type": 2, "codename": "delete_permission"}}, {"model": "auth.permission", "pk": 7, "fields": {"name": "Can add group", "content_type": 3, "codename": "add_group"}}, {"model": "auth.permission", "pk": 8, "fields": {"name": "Can change group", "content_type": 3, "codename": "change_group"}}, {"model": "auth.permission", "pk": 9, "fields": {"name": "Can delete group", "content_type": 3, "codename": "delete_group"}}, {"model": "auth.permission", "pk": 10, "fields": {"name": "Can add user", "content_type": 4, "codename": "add_user"}}, {"model": "auth.permission", "pk": 11, "fields": {"name": "Can change user", "content_type": 4, "codename": "change_user"}}, {"model": "auth.permission", "pk": 12, "fields": {"name": "Can delete user", "content_type": 4, "codename": "delete_user"}}, {"model": "auth.permission", "pk": 13, "fields": {"name": "Can add content type", "content_type": 5, "codename": "add_contenttype"}}, {"model": "auth.permission", "pk": 14, "fields": {"name": "Can change content type", "content_type": 5, "codename": "change_contenttype"}}, {"model": "auth.permission", "pk": 15, "fields": {"name": "Can delete content type", "content_type": 5, "codename": "delete_contenttype"}}, {"model": "auth.permission", "pk": 16, "fields": {"name": "Can add session", "content_type": 6, "codename": "add_session"}}, {"model": "auth.permission", "pk": 17, "fields": {"name": "Can change session", "content_type": 6, "codename": "change_session"}}, {"model": "auth.permission", "pk": 18, "fields": {"name": "Can delete session", "content_type": 6, "codename": "delete_session"}}, {"model": "auth.permission", "pk": 19, "fields": {"name": "Can add blog", "content_type": 7, "codename": "add_blog"}}, {"model": "auth.permission", "pk": 20, "fields": {"name": "Can change blog", "content_type": 7, "codename": "change_blog"}}, {"model": "auth.permission", "pk": 21, "fields": {"name": "Can delete blog", "content_type": 7, "codename": "delete_blog"}}, {"model": "auth.permission", "pk": 22, "fields": {"name": "Can add blog type", "content_type": 8, "codename": "add_blogtype"}}, {"model": "auth.permission", "pk": 23, "fields": {"name": "Can change blog type", "content_type": 8, "codename": "change_blogtype"}}, {"model": "auth.permission", "pk": 24, "fields": {"name": "Can delete blog type", "content_type": 8, "codename": "delete_blogtype"}}, {"model": "auth.permission", "pk": 25, "fields": {"name": "Can add read num", "content_type": 9, "codename": "add_readnum"}}, {"model": "auth.permission", "pk": 26, "fields": {"name": "Can change read num", "content_type": 9, "codename": "change_readnum"}}, {"model": "auth.permission", "pk": 27, "fields": {"name": "Can delete read num", "content_type": 9, "codename": "delete_readnum"}}, {"model": "auth.permission", "pk": 28, "fields": {"name": "Can add read num", "content_type": 10, "codename": "add_readnum"}}, {"model": "auth.permission", "pk": 29, "fields": {"name": "Can change read num", "content_type": 10, "codename": "change_readnum"}}, {"model": "auth.permission", "pk": 30, "fields": {"name": "Can delete read num", "content_type": 10, "codename": "delete_readnum"}}, {"model": "auth.permission", "pk": 31, "fields": {"name": "Can add read detail", "content_type": 11, "codename": "add_readdetail"}}, {"model": "auth.permission", "pk": 32, "fields": {"name": "Can change read detail", "content_type": 11, "codename": "change_readdetail"}}, {"model": "auth.permission", "pk": 33, "fields": {"name": "Can delete read detail", "content_type": 11, "codename": "delete_readdetail"}}, {"model": "auth.permission", "pk": 34, "fields": {"name": "Can add comment", "content_type": 12, "codename": "add_comment"}}, {"model": "auth.permission", "pk": 35, "fields": {"name": "Can change comment", "content_type": 12, "codename": "change_comment"}}, {"model": "auth.permission", "pk": 36, "fields": {"name": "Can delete comment", "content_type": 12, "codename": "delete_comment"}}, {"model": "auth.permission", "pk": 37, "fields": {"name": "Can add like count", "content_type": 13, "codename": "add_likecount"}}, {"model": "auth.permission", "pk": 38, "fields": {"name": "Can change like count", "content_type": 13, "codename": "change_likecount"}}, {"model": "auth.permission", "pk": 39, "fields": {"name": "Can delete like count", "content_type": 13, "codename": "delete_likecount"}}, {"model": "auth.permission", "pk": 40, "fields": {"name": "Can add liked record", "content_type": 14, "codename": "add_likedrecord"}}, {"model": "auth.permission", "pk": 41, "fields": {"name": "Can change liked record", "content_type": 14, "codename": "change_likedrecord"}}, {"model": "auth.permission", "pk": 42, "fields": {"name": "Can delete liked record", "content_type": 14, "codename": "delete_likedrecord"}}, {"model": "auth.permission", "pk": 43, "fields": {"name": "Can add profile", "content_type": 15, "codename": "add_profile"}}, {"model": "auth.permission", "pk": 44, "fields": {"name": "Can change profile", "content_type": 15, "codename": "change_profile"}}, {"model": "auth.permission", "pk": 45, "fields": {"name": "Can delete profile", "content_type": 15, "codename": "delete_profile"}}, {"model": "auth.user", "pk": 1, "fields": {"password": "pbkdf2_sha256$100000$CBk8bfTGCm7C$zLdnpOsj9CUKQkqrHGu0bPUiRQKPm2fv1EdJBcuS+cM=", "last_login": "2020-07-03T07:18:47.624Z", "is_superuser": true, "username": "admin", "first_name": "", "last_name": "", "email": "1024493607@qq.com", "is_staff": true, "is_active": true, "date_joined": "2020-06-14T03:16:00Z", "groups": [], "user_permissions": []}}, {"model": "auth.user", "pk": 2, "fields": {"password": "pbkdf2_sha256$100000$cGOOXitgGlBf$fviQbrw5k2Xo0LgDx54hcPfB8qNSXBtDmVoRtztAsig=", "last_login": "2020-06-26T05:02:58.276Z", "is_superuser": false, "username": "1111", "first_name": "", "last_name": "", "email": "11@qq.com", "is_staff": false, "is_active": true, "date_joined": "2020-06-26T05:02:57.646Z", "groups": [], "user_permissions": []}}, {"model": "auth.user", "pk": 3, "fields": {"password": "pbkdf2_sha256$100000$cRyO5RGXmj2L$Y33zlG7XUG1SW5UL7wl8QUNUr06uusvHCfmgfQCqmNU=", "last_login": "2020-06-26T05:03:00Z", "is_superuser": false, "username": "11111", "first_name": "", "last_name": "", "email": "", "is_staff": false, "is_active": true, "date_joined": "2020-06-26T05:03:00Z", "groups": [], "user_permissions": []}}, {"model": "auth.user", "pk": 4, "fields": {"password": "pbkdf2_sha256$100000$UzKEwbc2iWJJ$pfbSEONpNV1dLGZiOSog68y1ZxD8DT6GXAJHXeKI7Aw=", "last_login": "2020-06-26T05:06:00Z", "is_superuser": false, "username": "admin1", "first_name": "", "last_name": "", "email": "", "is_staff": false, "is_active": true, "date_joined": "2020-06-26T05:06:00Z", "groups": [], "user_permissions": []}}, {"model": "auth.user", "pk": 5, "fields": {"password": "pbkdf2_sha256$100000$Ao3IVuRWrmXH$aoaMsvfKzWdkevYr5wbYUgN1RnzY4AxGfcIMAWabxwM=", "last_login": "2020-07-01T04:05:52.601Z", "is_superuser": false, "username": "eric", "first_name": "", "last_name": "", "email": "15672486032@163.com", "is_staff": false, "is_active": true, "date_joined": "2020-07-01T02:46:30.750Z", "groups": [], "user_permissions": []}}, {"model": "blog.blog", "pk": 3, "fields": {"title": "\u957f\u5185\u5bb9\u7684\u535a\u5ba2", "blog_type": 2, "content": "<h2><img alt=\"\" src=\"/media/upload/2020/06/21/qq20200608083829.jpg\" style=\"height:240px\" /></h2>\r\n\r\n<h2>1\u3001\u6d4b\u8bd5</h2>\r\n\r\n<p>\u963f\u65af\u987f\u653e\u5047\u963f\u65af\u987f\u653e\u5047<strong>\u963f\u65af\u987f\u653e\u5047</strong><br />\r\n\u963f\u65af\u987f\u653e\u5047</p>\r\n\r\n<p><span style=\"color:#1abc9c\">sdfsffsds</span></p>\r\n\r\n<p><span style=\"color:#1abc9c\"><span style=\"background-color:#e67e22\">adadadadadad</span></span></p>", "author": 1, "created_time": "2020-06-18T04:28:41.445Z", "last_updated_time": "2020-06-21T06:42:59.642Z"}}, {"model": "blog.blog", "pk": 4, "fields": {"title": "\u968f\u7b142", "blog_type": 2, "content": "\u8fbe\u5230\u5c31\u7231\u770b", "author": 1, "created_time": "2020-06-18T04:28:41.445Z", "last_updated_time": "2020-06-14T06:59:44.572Z"}}, {"model": "blog.blog", "pk": 5, "fields": {"title": "Django1", "blog_type": 1, "content": "test", "author": 1, "created_time": "2020-06-18T04:28:41.445Z", "last_updated_time": "2020-06-14T07:00:07.558Z"}}, {"model": "blog.blog", "pk": 6, "fields": {"title": "shell\u4e0b\u7b2c\u4e00\u7bc7", "blog_type": 1, "content": "xxxxxxxxx", "author": 1, "created_time": "2020-06-18T04:28:41.445Z", "last_updated_time": "2020-06-18T04:20:24.352Z"}}, {"model": "blog.blog", "pk": 7, "fields": {"title": "for 1", "blog_type": 1, "content": "xxxx:1", "author": 1, "created_time": "2020-06-18T04:28:41.445Z", "last_updated_time": "2020-06-18T04:28:41.445Z"}}, {"model": "blog.blog", "pk": 8, "fields": {"title": "for 2", "blog_type": 1, "content": "xxxx:2", "author": 1, "created_time": "2020-06-18T04:28:41.537Z", "last_updated_time": "2020-06-18T04:28:41.537Z"}}, {"model": "blog.blog", "pk": 9, "fields": {"title": "for 3", "blog_type": 1, "content": "xxxx:3", "author": 1, "created_time": "2020-06-18T04:28:41.655Z", "last_updated_time": "2020-06-18T04:28:41.655Z"}}, {"model": "blog.blog", "pk": 10, "fields": {"title": "for 4", "blog_type": 1, "content": "xxxx:4", "author": 1, "created_time": "2020-06-18T04:28:41.752Z", "last_updated_time": "2020-06-18T04:28:41.752Z"}}, {"model": "blog.blog", "pk": 11, "fields": {"title": "for 5", "blog_type": 1, "content": "xxxx:5", "author": 1, "created_time": "2020-06-18T04:28:41.838Z", "last_updated_time": "2020-06-18T04:28:41.838Z"}}, {"model": "blog.blog", "pk": 12, "fields": {"title": "for 6", "blog_type": 1, "content": "xxxx:6", "author": 1, "created_time": "2020-06-18T04:28:41.994Z", "last_updated_time": "2020-06-18T04:28:41.994Z"}}, {"model": "blog.blog", "pk": 13, "fields": {"title": "for 7", "blog_type": 1, "content": "xxxx:7", "author": 1, "created_time": "2020-06-18T04:28:42.079Z", "last_updated_time": "2020-06-18T04:28:42.079Z"}}, {"model": "blog.blog", "pk": 14, "fields": {"title": "for 8", "blog_type": 1, "content": "xxxx:8", "author": 1, "created_time": "2020-06-18T04:28:42.165Z", "last_updated_time": "2020-06-18T04:28:42.165Z"}}, {"model": "blog.blog", "pk": 15, "fields": {"title": "for 9", "blog_type": 1, "content": "xxxx:9", "author": 1, "created_time": "2020-06-18T04:28:42.361Z", "last_updated_time": "2020-06-18T04:28:42.361Z"}}, {"model": "blog.blog", "pk": 16, "fields": {"title": "for 10", "blog_type": 1, "content": "xxxx:10", "author": 1, "created_time": "2020-06-18T04:28:42.637Z", "last_updated_time": "2020-06-18T04:28:42.637Z"}}, {"model": "blog.blog", "pk": 17, "fields": {"title": "for 11", "blog_type": 1, "content": "xxxx:11", "author": 1, "created_time": "2020-06-18T04:28:42.863Z", "last_updated_time": "2020-06-18T04:28:42.863Z"}}, {"model": "blog.blog", "pk": 18, "fields": {"title": "for 12", "blog_type": 1, "content": "xxxx:12", "author": 1, "created_time": "2020-06-18T04:28:43.093Z", "last_updated_time": "2020-06-18T04:28:43.093Z"}}, {"model": "blog.blog", "pk": 19, "fields": {"title": "for 13", "blog_type": 1, "content": "xxxx:13", "author": 1, "created_time": "2020-06-18T04:28:43.344Z", "last_updated_time": "2020-06-18T04:28:43.344Z"}}, {"model": "blog.blog", "pk": 20, "fields": {"title": "for 14", "blog_type": 1, "content": "xxxx:14", "author": 1, "created_time": "2020-06-18T04:28:43.743Z", "last_updated_time": "2020-06-18T04:28:43.743Z"}}, {"model": "blog.blog", "pk": 21, "fields": {"title": "for 15", "blog_type": 1, "content": "xxxx:15", "author": 1, "created_time": "2020-06-18T04:28:44.038Z", "last_updated_time": "2020-06-18T04:28:44.038Z"}}, {"model": "blog.blog", "pk": 22, "fields": {"title": "for 16", "blog_type": 1, "content": "xxxx:16", "author": 1, "created_time": "2020-06-18T04:28:44.238Z", "last_updated_time": "2020-06-18T04:28:44.238Z"}}, {"model": "blog.blog", "pk": 23, "fields": {"title": "for 17", "blog_type": 1, "content": "xxxx:17", "author": 1, "created_time": "2020-06-18T04:28:44.459Z", "last_updated_time": "2020-06-18T04:28:44.459Z"}}, {"model": "blog.blog", "pk": 24, "fields": {"title": "for 18", "blog_type": 1, "content": "xxxx:18", "author": 1, "created_time": "2020-06-18T04:28:44.786Z", "last_updated_time": "2020-06-18T04:28:44.786Z"}}, {"model": "blog.blog", "pk": 25, "fields": {"title": "for 19", "blog_type": 1, "content": "xxxx:19", "author": 1, "created_time": "2020-06-18T04:28:44.945Z", "last_updated_time": "2020-06-18T04:28:44.945Z"}}, {"model": "blog.blog", "pk": 26, "fields": {"title": "for 20", "blog_type": 1, "content": "xxxx:20", "author": 1, "created_time": "2020-06-18T04:28:45.105Z", "last_updated_time": "2020-06-18T04:28:45.105Z"}}, {"model": "blog.blog", "pk": 27, "fields": {"title": "for 21", "blog_type": 1, "content": "xxxx:21", "author": 1, "created_time": "2020-06-18T04:28:45.243Z", "last_updated_time": "2020-06-18T04:28:45.243Z"}}, {"model": "blog.blog", "pk": 28, "fields": {"title": "for 22", "blog_type": 1, "content": "xxxx:22", "author": 1, "created_time": "2020-06-18T04:28:45.362Z", "last_updated_time": "2020-06-18T04:28:45.362Z"}}, {"model": "blog.blog", "pk": 29, "fields": {"title": "for 23", "blog_type": 1, "content": "xxxx:23", "author": 1, "created_time": "2020-06-18T04:28:45.579Z", "last_updated_time": "2020-06-18T04:28:45.579Z"}}, {"model": "blog.blog", "pk": 30, "fields": {"title": "for 24", "blog_type": 1, "content": "xxxx:24", "author": 1, "created_time": "2020-06-18T04:28:45.808Z", "last_updated_time": "2020-06-18T04:28:45.808Z"}}, {"model": "blog.blog", "pk": 31, "fields": {"title": "for 25", "blog_type": 1, "content": "xxxx:25", "author": 1, "created_time": "2020-06-18T04:28:45.934Z", "last_updated_time": "2020-06-18T04:28:45.934Z"}}, {"model": "blog.blog", "pk": 32, "fields": {"title": "for 26", "blog_type": 1, "content": "xxxx:26", "author": 1, "created_time": "2020-06-18T04:28:46.060Z", "last_updated_time": "2020-06-18T04:28:46.060Z"}}, {"model": "blog.blog", "pk": 33, "fields": {"title": "for 27", "blog_type": 1, "content": "xxxx:27", "author": 1, "created_time": "2020-06-18T04:28:46.224Z", "last_updated_time": "2020-06-18T04:28:46.224Z"}}, {"model": "blog.blog", "pk": 34, "fields": {"title": "for 28", "blog_type": 1, "content": "xxxx:28", "author": 1, "created_time": "2020-06-18T04:28:46.376Z", "last_updated_time": "2020-06-18T04:28:46.376Z"}}, {"model": "blog.blog", "pk": 35, "fields": {"title": "for 29", "blog_type": 1, "content": "xxxx:29", "author": 1, "created_time": "2020-06-18T04:28:46.507Z", "last_updated_time": "2020-06-22T04:38:39.996Z"}}, {"model": "blog.blog", "pk": 36, "fields": {"title": "for 30", "blog_type": 1, "content": "xxxx:30", "author": 1, "created_time": "2020-06-18T04:28:46.612Z", "last_updated_time": "2020-06-22T04:40:36.314Z"}}, {"model": "comment.comment", "pk": 1, "fields": {"content_type": 7, "object_id": 36, "text": "123", "comment_time": "2020-06-25T07:38:14.755Z", "user": 1, "root": null, "parent": null, "reply_to": null}}, {"model": "comment.comment", "pk": 2, "fields": {"content_type": 7, "object_id": 36, "text": "234", "comment_time": "2020-06-25T07:46:44.661Z", "user": 1, "root": null, "parent": null, "reply_to": null}}, {"model": "comment.comment", "pk": 3, "fields": {"content_type": 7, "object_id": 36, "text": "345", "comment_time": "2020-06-26T08:02:25.460Z", "user": 1, "root": null, "parent": null, "reply_to": null}}, {"model": "comment.comment", "pk": 4, "fields": {"content_type": 7, "object_id": 36, "text": "456", "comment_time": "2020-06-26T08:25:43.246Z", "user": 1, "root": null, "parent": null, "reply_to": null}}, {"model": "comment.comment", "pk": 5, "fields": {"content_type": 7, "object_id": 36, "text": "<p>567</p>", "comment_time": "2020-06-26T08:45:17.135Z", "user": 1, "root": null, "parent": null, "reply_to": null}}, {"model": "comment.comment", "pk": 6, "fields": {"content_type": 7, "object_id": 36, "text": "<p>678</p>", "comment_time": "2020-06-26T09:04:34.918Z", "user": 1, "root": null, "parent": null, "reply_to": null}}, {"model": "comment.comment", "pk": 7, "fields": {"content_type": 7, "object_id": 36, "text": "<p>789</p>", "comment_time": "2020-06-26T09:22:57.437Z", "user": 1, "root": null, "parent": null, "reply_to": null}}, {"model": "comment.comment", "pk": 8, "fields": {"content_type": 7, "object_id": 36, "text": "<p>857</p>", "comment_time": "2020-06-26T09:29:59.258Z", "user": 1, "root": null, "parent": null, "reply_to": null}}, {"model": "comment.comment", "pk": 9, "fields": {"content_type": 7, "object_id": 36, "text": "<p>857</p>", "comment_time": "2020-06-26T09:32:25.199Z", "user": 1, "root": null, "parent": null, "reply_to": null}}, {"model": "comment.comment", "pk": 10, "fields": {"content_type": 7, "object_id": 36, "text": "<p><img alt=\"smiley\" height=\"23\" src=\"http://127.0.0.1:8000/static/ckeditor/ckeditor/plugins/smiley/images/regular_smile.png\" title=\"smiley\" width=\"23\" /></p>", "comment_time": "2020-06-26T09:48:37.089Z", "user": 1, "root": null, "parent": null, "reply_to": null}}, {"model": "comment.comment", "pk": 12, "fields": {"content_type": 7, "object_id": 36, "text": "<p>1234</p>", "comment_time": "2020-06-27T04:36:58.093Z", "user": 1, "root": null, "parent": null, "reply_to": null}}, {"model": "comment.comment", "pk": 13, "fields": {"content_type": 7, "object_id": 36, "text": "<p>1234</p>", "comment_time": "2020-06-27T04:37:03.092Z", "user": 1, "root": null, "parent": null, "reply_to": null}}, {"model": "comment.comment", "pk": 14, "fields": {"content_type": 7, "object_id": 36, "text": "<p>1234</p>", "comment_time": "2020-06-27T04:37:30.602Z", "user": 1, "root": null, "parent": null, "reply_to": null}}, {"model": "comment.comment", "pk": 15, "fields": {"content_type": 7, "object_id": 36, "text": "<p>1234</p>", "comment_time": "2020-06-27T04:40:44.512Z", "user": 1, "root": null, "parent": null, "reply_to": null}}, {"model": "comment.comment", "pk": 16, "fields": {"content_type": 7, "object_id": 36, "text": "<p>1</p>", "comment_time": "2020-06-27T04:47:19.628Z", "user": 1, "root": null, "parent": null, "reply_to": null}}, {"model": "comment.comment", "pk": 17, "fields": {"content_type": 7, "object_id": 36, "text": "<p>1</p>", "comment_time": "2020-06-27T04:47:23.055Z", "user": 1, "root": null, "parent": null, "reply_to": null}}, {"model": "comment.comment", "pk": 18, "fields": {"content_type": 7, "object_id": 36, "text": "<p>1</p>", "comment_time": "2020-06-27T04:47:23.215Z", "user": 1, "root": null, "parent": null, "reply_to": null}}, {"model": "comment.comment", "pk": 19, "fields": {"content_type": 7, "object_id": 36, "text": "<p>1</p>", "comment_time": "2020-06-27T04:47:23.389Z", "user": 1, "root": null, "parent": null, "reply_to": null}}, {"model": "comment.comment", "pk": 20, "fields": {"content_type": 7, "object_id": 36, "text": "<p>1234</p>", "comment_time": "2020-06-27T04:50:33.336Z", "user": 1, "root": 10, "parent": 10, "reply_to": 1}}, {"model": "comment.comment", "pk": 21, "fields": {"content_type": 7, "object_id": 35, "text": "<p><img alt=\"blush\" height=\"23\" src=\"http://127.0.0.1:8000/static/ckeditor/ckeditor/plugins/smiley/images/embarrassed_smile.png\" title=\"blush\" width=\"23\" /></p>", "comment_time": "2020-06-27T04:50:53.525Z", "user": 1, "root": null, "parent": null, "reply_to": null}}, {"model": "comment.comment", "pk": 22, "fields": {"content_type": 7, "object_id": 35, "text": "<p>1234</p>", "comment_time": "2020-06-27T04:51:02.474Z", "user": 1, "root": 21, "parent": 21, "reply_to": 1}}, {"model": "comment.comment", "pk": 23, "fields": {"content_type": 7, "object_id": 36, "text": "<p>12345</p>", "comment_time": "2020-06-27T04:52:01.077Z", "user": 1, "root": null, "parent": null, "reply_to": null}}, {"model": "comment.comment", "pk": 24, "fields": {"content_type": 7, "object_id": 36, "text": "<p>12345</p>", "comment_time": "2020-06-27T05:22:33.716Z", "user": 1, "root": 10, "parent": 20, "reply_to": 1}}, {"model": "comment.comment", "pk": 25, "fields": {"content_type": 7, "object_id": 36, "text": "<p>23213</p>", "comment_time": "2020-06-27T05:22:53.992Z", "user": 1, "root": 23, "parent": 23, "reply_to": 1}}, {"model": "comment.comment", "pk": 26, "fields": {"content_type": 7, "object_id": 36, "text": "<p>\u536b\u5947</p>", "comment_time": "2020-06-27T05:25:25.512Z", "user": 1, "root": 23, "parent": 25, "reply_to": 1}}, {"model": "comment.comment", "pk": 27, "fields": {"content_type": 7, "object_id": 36, "text": "<p><img alt=\"indecision\" height=\"23\" src=\"http://127.0.0.1:8000/static/ckeditor/ckeditor/plugins/smiley/images/whatchutalkingabout_smile.png\" title=\"indecision\" width=\"23\" /></p>", "comment_time": "2020-06-27T05:27:13.704Z", "user": 1, "root": 23, "parent": 26, "reply_to": 1}}, {"model": "comment.comment", "pk": 28, "fields": {"content_type": 7, "object_id": 34, "text": "<p><img alt=\"wink\" height=\"23\" src=\"http://127.0.0.1:8000/static/ckeditor/ckeditor/plugins/smiley/images/wink_smile.png\" title=\"wink\" width=\"23\" /></p>", "comment_time": "2020-06-28T03:23:43.169Z", "user": 1, "root": null, "parent": null, "reply_to": null}}, {"model": "comment.comment", "pk": 29, "fields": {"content_type": 7, "object_id": 35, "text": "<p>\u7b2c\u4e8c\u6761\u8bc4\u8bba</p>", "comment_time": "2020-06-28T03:42:22.985Z", "user": 1, "root": null, "parent": null, "reply_to": null}}, {"model": "comment.comment", "pk": 30, "fields": {"content_type": 7, "object_id": 35, "text": "<p>\u554a\u5b9e\u6253\u5b9e\u7684</p>", "comment_time": "2020-06-28T03:42:33.028Z", "user": 1, "root": 29, "parent": 29, "reply_to": 1}}, {"model": "comment.comment", "pk": 31, "fields": {"content_type": 7, "object_id": 35, "text": "<p><img alt=\"smiley\" height=\"23\" src=\"http://127.0.0.1:8000/static/ckeditor/ckeditor/plugins/smiley/images/regular_smile.png\" title=\"smiley\" width=\"23\" /></p>", "comment_time": "2020-06-28T03:42:53.686Z", "user": 1, "root": 29, "parent": 30, "reply_to": 1}}, {"model": "comment.comment", "pk": 32, "fields": {"content_type": 7, "object_id": 35, "text": "<p>\u7b2c\u4e09\u6761</p>", "comment_time": "2020-06-28T03:49:23.486Z", "user": 1, "root": null, "parent": null, "reply_to": null}}, {"model": "comment.comment", "pk": 33, "fields": {"content_type": 7, "object_id": 35, "text": "<p>\u7b2c\u56db\u6761</p>", "comment_time": "2020-06-28T04:00:07.844Z", "user": 1, "root": null, "parent": null, "reply_to": null}}, {"model": "comment.comment", "pk": 34, "fields": {"content_type": 7, "object_id": 35, "text": "<p>2333</p>", "comment_time": "2020-06-28T04:03:03.350Z", "user": 1, "root": null, "parent": null, "reply_to": null}}, {"model": "comment.comment", "pk": 35, "fields": {"content_type": 7, "object_id": 35, "text": "<p>123</p>", "comment_time": "2020-06-28T04:03:43.856Z", "user": 1, "root": 34, "parent": 34, "reply_to": 1}}, {"model": "comment.comment", "pk": 36, "fields": {"content_type": 7, "object_id": 35, "text": "<p><img alt=\"smiley\" height=\"23\" src=\"http://127.0.0.1:8000/static/ckeditor/ckeditor/plugins/smiley/images/regular_smile.png\" title=\"smiley\" width=\"23\" /></p>", "comment_time": "2020-06-29T03:09:16.917Z", "user": 1, "root": null, "parent": null, "reply_to": null}}, {"model": "comment.comment", "pk": 37, "fields": {"content_type": 7, "object_id": 35, "text": "<p>123</p>", "comment_time": "2020-06-29T03:09:33.505Z", "user": 1, "root": null, "parent": null, "reply_to": null}}, {"model": "comment.comment", "pk": 38, "fields": {"content_type": 7, "object_id": 35, "text": "<p>111</p>", "comment_time": "2020-06-29T03:10:13.924Z", "user": 1, "root": null, "parent": null, "reply_to": null}}, {"model": "comment.comment", "pk": 39, "fields": {"content_type": 7, "object_id": 35, "text": "<p>12124</p>", "comment_time": "2020-06-29T03:22:16.083Z", "user": 1, "root": null, "parent": null, "reply_to": null}}, {"model": "comment.comment", "pk": 40, "fields": {"content_type": 7, "object_id": 35, "text": "<p>213131</p>", "comment_time": "2020-06-29T03:22:45.470Z", "user": 1, "root": null, "parent": null, "reply_to": null}}, {"model": "comment.comment", "pk": 41, "fields": {"content_type": 7, "object_id": 35, "text": "<p><img alt=\"smiley\" height=\"23\" src=\"http://127.0.0.1:8000/static/ckeditor/ckeditor/plugins/smiley/images/regular_smile.png\" title=\"smiley\" width=\"23\" /></p>", "comment_time": "2020-06-29T03:23:36.398Z", "user": 1, "root": 40, "parent": 40, "reply_to": 1}}, {"model": "comment.comment", "pk": 42, "fields": {"content_type": 7, "object_id": 36, "text": "<p>rrrrrrr</p>", "comment_time": "2020-06-30T06:21:17.273Z", "user": 1, "root": 19, "parent": 19, "reply_to": 1}}, {"model": "comment.comment", "pk": 43, "fields": {"content_type": 7, "object_id": 36, "text": "<p>\u8bc4\u8bba\u53d1\u9001\u90ae\u4ef6\u6d4b\u8bd5</p>", "comment_time": "2020-07-02T11:44:29.488Z", "user": 1, "root": null, "parent": null, "reply_to": null}}, {"model": "comment.comment", "pk": 44, "fields": {"content_type": 7, "object_id": 36, "text": "<p>\u56de\u590d\u8bc4\u8bba\u53d1\u9001\u90ae\u4ef6\u6d4b\u8bd5</p>", "comment_time": "2020-07-02T11:47:51.155Z", "user": 1, "root": 43, "parent": 43, "reply_to": 1}}, {"model": "comment.comment", "pk": 45, "fields": {"content_type": 7, "object_id": 36, "text": "<p>\u591a\u7ebf\u7a0b\u53d1\u9001\u90ae\u4ef6\u6d4b\u8bd5</p>", "comment_time": "2020-07-02T12:09:40.783Z", "user": 1, "root": null, "parent": null, "reply_to": null}}, {"model": "comment.comment", "pk": 46, "fields": {"content_type": 7, "object_id": 36, "text": "<p>\u591a\u7ebf\u7a0b\u53d1\u9001\u90ae\u4ef6\u6d4b\u8bd5</p>", "comment_time": "2020-07-02T12:09:46.506Z", "user": 1, "root": null, "parent": null, "reply_to": null}}, {"model": "comment.comment", "pk": 47, "fields": {"content_type": 7, "object_id": 36, "text": "<p>\u591a\u7ebf\u7a0b\u53d1\u9001\u90ae\u4ef6\u6d4b\u8bd5</p>", "comment_time": "2020-07-02T12:10:35.257Z", "user": 1, "root": null, "parent": null, "reply_to": null}}, {"model": "comment.comment", "pk": 48, "fields": {"content_type": 7, "object_id": 36, "text": "<p>\u591a\u7ebf\u7a0b\u53d1\u9001\u90ae\u4ef6\u6d4b\u8bd5</p>", "comment_time": "2020-07-02T12:14:08.225Z", "user": 1, "root": null, "parent": null, "reply_to": null}}, {"model": "comment.comment", "pk": 49, "fields": {"content_type": 7, "object_id": 36, "text": "<p>\u591a\u7ebf\u7a0b\u53d1\u9001\u90ae\u4ef6\u6d4b\u8bd5</p>", "comment_time": "2020-07-02T12:27:14.551Z", "user": 1, "root": null, "parent": null, "reply_to": null}}, {"model": "comment.comment", "pk": 50, "fields": {"content_type": 7, "object_id": 36, "text": "<p>\u591a\u7ebf\u7a0b\u53d1\u9001\u90ae\u4ef6\u6d4b\u8bd5</p>", "comment_time": "2020-07-02T12:28:15.708Z", "user": 1, "root": null, "parent": null, "reply_to": null}}, {"model": "comment.comment", "pk": 51, "fields": {"content_type": 7, "object_id": 36, "text": "<p>\u591a\u7ebf\u7a0b\u53d1\u9001\u90ae\u4ef6\u6d4b\u8bd5</p>", "comment_time": "2020-07-02T12:28:36.905Z", "user": 1, "root": null, "parent": null, "reply_to": null}}, {"model": "comment.comment", "pk": 52, "fields": {"content_type": 7, "object_id": 36, "text": "<p>\u591a\u7ebf\u7a0b\u53d1\u9001\u90ae\u4ef6\u6d4b\u8bd5</p>", "comment_time": "2020-07-02T12:31:23.210Z", "user": 1, "root": null, "parent": null, "reply_to": null}}, {"model": "comment.comment", "pk": 53, "fields": {"content_type": 7, "object_id": 36, "text": "<p>\u591a\u7ebf\u7a0b\u53d1\u9001\u90ae\u4ef6\u6d4b\u8bd5</p>\r\n\r\n<p>&nbsp;</p>", "comment_time": "2020-07-02T12:35:10.872Z", "user": 1, "root": null, "parent": null, "reply_to": null}}, {"model": "comment.comment", "pk": 54, "fields": {"content_type": 7, "object_id": 36, "text": "<p>\u591a\u7ebf\u7a0b\u53d1\u9001\u90ae\u4ef6\u6d4b\u8bd5</p>", "comment_time": "2020-07-02T12:39:54.038Z", "user": 1, "root": null, "parent": null, "reply_to": null}}, {"model": "comment.comment", "pk": 55, "fields": {"content_type": 7, "object_id": 36, "text": "<p>\u591a\u7ebf\u7a0b\u53d1\u9001\u90ae\u4ef6\u6d4b\u8bd5</p>", "comment_time": "2020-07-02T12:45:35.370Z", "user": 1, "root": null, "parent": null, "reply_to": null}}, {"model": "comment.comment", "pk": 56, "fields": {"content_type": 7, "object_id": 36, "text": "<p>html\u90ae\u4ef6\u6d4b\u8bd5</p>", "comment_time": "2020-07-02T12:51:18.832Z", "user": 1, "root": null, "parent": null, "reply_to": null}}, {"model": "comment.comment", "pk": 57, "fields": {"content_type": 7, "object_id": 36, "text": "<p>html\u90ae\u4ef6\u6d4b\u8bd5</p>", "comment_time": "2020-07-02T12:52:25.268Z", "user": 1, "root": null, "parent": null, "reply_to": null}}, {"model": "comment.comment", "pk": 58, "fields": {"content_type": 7, "object_id": 36, "text": "<p>html\u6a21\u677f\u7ec4\u7ec7\u5185\u5bb9\uff0c\u53d1\u9001\u90ae\u4ef6</p>", "comment_time": "2020-07-02T12:59:41.683Z", "user": 1, "root": null, "parent": null, "reply_to": null}}, {"model": "comment.comment", "pk": 59, "fields": {"content_type": 7, "object_id": 36, "text": "<p>test</p>", "comment_time": "2020-07-02T13:07:02.162Z", "user": 1, "root": null, "parent": null, "reply_to": null}}, {"model": "comment.comment", "pk": 60, "fields": {"content_type": 7, "object_id": 36, "text": "<p>testtest</p>", "comment_time": "2020-07-02T13:07:57.064Z", "user": 1, "root": null, "parent": null, "reply_to": null}}, {"model": "comment.comment", "pk": 61, "fields": {"content_type": 7, "object_id": 36, "text": "<p>1234</p>", "comment_time": "2020-07-03T07:19:00.843Z", "user": 1, "root": 60, "parent": 60, "reply_to": 1}}, {"model": "comment.comment", "pk": 62, "fields": {"content_type": 7, "object_id": 36, "text": "<p>1234</p>", "comment_time": "2020-07-03T07:21:27.965Z", "user": 1, "root": 60, "parent": 60, "reply_to": 1}}, {"model": "likes.likedrecord", "pk": 1, "fields": {"content_type": 7, "object_id": 35, "user": 1, "liked_time": "2020-06-28T07:30:37.215Z"}}, {"model": "likes.likedrecord", "pk": 4, "fields": {"content_type": 7, "object_id": 36, "user": 1, "liked_time": "2020-06-28T07:52:38.284Z"}}, {"model": "likes.likedrecord", "pk": 6, "fields": {"content_type": 12, "object_id": 25, "user": 1, "liked_time": "2020-06-28T08:01:24.685Z"}}, {"model": "likes.likedrecord", "pk": 7, "fields": {"content_type": 12, "object_id": 26, "user": 1, "liked_time": "2020-06-28T08:01:25.599Z"}}, {"model": "likes.likedrecord", "pk": 8, "fields": {"content_type": 12, "object_id": 27, "user": 1, "liked_time": "2020-06-28T08:01:26.704Z"}}, {"model": "likes.likedrecord", "pk": 9, "fields": {"content_type": 12, "object_id": 23, "user": 1, "liked_time": "2020-06-28T08:01:28.405Z"}}, {"model": "user.profile", "pk": 1, "fields": {"user": 1, "nickname": "lee"}}, {"model": "admin.logentry", "pk": 1, "fields": {"action_time": "2020-06-14T03:23:52.818Z", "user": 1, "content_type": 8, "object_id": "1", "object_repr": "BlogType object (1)", "action_flag": 1, "change_message": "[{\"added\": {}}]"}}, {"model": "admin.logentry", "pk": 2, "fields": {"action_time": "2020-06-14T03:24:02.334Z", "user": 1, "content_type": 8, "object_id": "2", "object_repr": "BlogType object (2)", "action_flag": 1, "change_message": "[{\"added\": {}}]"}}, {"model": "admin.logentry", "pk": 3, "fields": {"action_time": "2020-06-14T03:24:12.700Z", "user": 1, "content_type": 8, "object_id": "3", "object_repr": "BlogType object (3)", "action_flag": 1, "change_message": "[{\"added\": {}}]"}}, {"model": "admin.logentry", "pk": 4, "fields": {"action_time": "2020-06-14T03:27:11.207Z", "user": 1, "content_type": 7, "object_id": "1", "object_repr": "<Blog: \u7b2c\u4e00\u7bc7\u535a\u5ba2>", "action_flag": 1, "change_message": "[{\"added\": {}}]"}}, {"model": "admin.logentry", "pk": 5, "fields": {"action_time": "2020-06-14T06:30:19.390Z", "user": 1, "content_type": 7, "object_id": "2", "object_repr": "<Blog: \u7b2c\u4e8c\u7bc7\u535a\u5ba2>", "action_flag": 1, "change_message": "[{\"added\": {}}]"}}, {"model": "admin.logentry", "pk": 6, "fields": {"action_time": "2020-06-14T06:34:34.543Z", "user": 1, "content_type": 7, "object_id": "2", "object_repr": "<Blog: \u7b2c\u4e8c\u7bc7\u535a\u5ba2>", "action_flag": 3, "change_message": ""}}, {"model": "admin.logentry", "pk": 7, "fields": {"action_time": "2020-06-14T06:34:34.653Z", "user": 1, "content_type": 7, "object_id": "1", "object_repr": "<Blog: \u7b2c\u4e00\u7bc7\u535a\u5ba2>", "action_flag": 3, "change_message": ""}}, {"model": "admin.logentry", "pk": 8, "fields": {"action_time": "2020-06-14T06:37:41.932Z", "user": 1, "content_type": 7, "object_id": "3", "object_repr": "<Blog: \u957f\u5185\u5bb9\u7684\u535a\u5ba2>", "action_flag": 1, "change_message": "[{\"added\": {}}]"}}, {"model": "admin.logentry", "pk": 9, "fields": {"action_time": "2020-06-14T06:59:44.578Z", "user": 1, "content_type": 7, "object_id": "4", "object_repr": "<Blog: \u968f\u7b142>", "action_flag": 1, "change_message": "[{\"added\": {}}]"}}, {"model": "admin.logentry", "pk": 10, "fields": {"action_time": "2020-06-14T07:00:07.561Z", "user": 1, "content_type": 7, "object_id": "5", "object_repr": "<Blog: Django1>", "action_flag": 1, "change_message": "[{\"added\": {}}]"}}, {"model": "admin.logentry", "pk": 11, "fields": {"action_time": "2020-06-21T05:52:28.804Z", "user": 1, "content_type": 7, "object_id": "3", "object_repr": "<Blog: \u957f\u5185\u5bb9\u7684\u535a\u5ba2>", "action_flag": 2, "change_message": "[{\"changed\": {\"fields\": [\"content\"]}}]"}}, {"model": "admin.logentry", "pk": 12, "fields": {"action_time": "2020-06-21T06:17:27.683Z", "user": 1, "content_type": 7, "object_id": "3", "object_repr": "<Blog: \u957f\u5185\u5bb9\u7684\u535a\u5ba2>", "action_flag": 2, "change_message": "[{\"changed\": {\"fields\": [\"content\"]}}]"}}, {"model": "admin.logentry", "pk": 13, "fields": {"action_time": "2020-06-21T06:42:43.963Z", "user": 1, "content_type": 7, "object_id": "3", "object_repr": "<Blog: \u957f\u5185\u5bb9\u7684\u535a\u5ba2>", "action_flag": 2, "change_message": "[{\"changed\": {\"fields\": [\"content\"]}}]"}}, {"model": "admin.logentry", "pk": 14, "fields": {"action_time": "2020-06-21T06:42:59.649Z", "user": 1, "content_type": 7, "object_id": "3", "object_repr": "<Blog: \u957f\u5185\u5bb9\u7684\u535a\u5ba2>", "action_flag": 2, "change_message": "[{\"changed\": {\"fields\": [\"content\"]}}]"}}, {"model": "admin.logentry", "pk": 15, "fields": {"action_time": "2020-06-23T03:28:24.369Z", "user": 1, "content_type": 9, "object_id": "1", "object_repr": "ReadNum object (1)", "action_flag": 1, "change_message": "[{\"added\": {}}]"}}, {"model": "admin.logentry", "pk": 16, "fields": {"action_time": "2020-06-23T08:08:02.199Z", "user": 1, "content_type": 10, "object_id": "1", "object_repr": "ReadNum object (1)", "action_flag": 1, "change_message": "[{\"added\": {}}]"}}, {"model": "admin.logentry", "pk": 17, "fields": {"action_time": "2020-06-24T06:12:34.502Z", "user": 1, "content_type": 11, "object_id": "1", "object_repr": "ReadDetail object (1)", "action_flag": 1, "change_message": "[{\"added\": {}}]"}}, {"model": "admin.logentry", "pk": 18, "fields": {"action_time": "2020-06-24T08:49:09.061Z", "user": 1, "content_type": 11, "object_id": "5", "object_repr": "ReadDetail object (5)", "action_flag": 1, "change_message": "[{\"added\": {}}]"}}, {"model": "admin.logentry", "pk": 19, "fields": {"action_time": "2020-06-24T08:49:38.451Z", "user": 1, "content_type": 10, "object_id": "2", "object_repr": "ReadNum object (2)", "action_flag": 2, "change_message": "[{\"changed\": {\"fields\": [\"read_num\"]}}]"}}, {"model": "admin.logentry", "pk": 20, "fields": {"action_time": "2020-06-27T03:33:23.583Z", "user": 1, "content_type": 12, "object_id": "11", "object_repr": "Comment object (11)", "action_flag": 1, "change_message": "[{\"added\": {}}]"}}, {"model": "admin.logentry", "pk": 21, "fields": {"action_time": "2020-06-27T03:36:10.169Z", "user": 1, "content_type": 12, "object_id": "11", "object_repr": "123123", "action_flag": 2, "change_message": "[{\"changed\": {\"fields\": [\"parent\"]}}]"}}, {"model": "admin.logentry", "pk": 22, "fields": {"action_time": "2020-06-27T03:59:03.981Z", "user": 1, "content_type": 12, "object_id": "11", "object_repr": "123123", "action_flag": 2, "change_message": "[{\"changed\": {\"fields\": [\"root\", \"reply_to\"]}}]"}}, {"model": "admin.logentry", "pk": 23, "fields": {"action_time": "2020-06-28T04:36:47.266Z", "user": 1, "content_type": 12, "object_id": "11", "object_repr": "123123", "action_flag": 3, "change_message": ""}}, {"model": "admin.logentry", "pk": 24, "fields": {"action_time": "2020-06-30T03:38:16.297Z", "user": 1, "content_type": 15, "object_id": "1", "object_repr": "<Profile: lee for admin>", "action_flag": 1, "change_message": "[{\"added\": {}}]"}}, {"model": "admin.logentry", "pk": 25, "fields": {"action_time": "2020-06-30T07:42:03.975Z", "user": 1, "content_type": 4, "object_id": "1", "object_repr": "admin", "action_flag": 2, "change_message": "[{\"changed\": {\"fields\": [\"email\", \"last_login\"]}}]"}}, {"model": "admin.logentry", "pk": 26, "fields": {"action_time": "2020-06-30T07:53:49.276Z", "user": 1, "content_type": 4, "object_id": "1", "object_repr": "admin", "action_flag": 2, "change_message": "[]"}}, {"model": "admin.logentry", "pk": 27, "fields": {"action_time": "2020-06-30T07:56:48.296Z", "user": 1, "content_type": 4, "object_id": "4", "object_repr": "admin1", "action_flag": 2, "change_message": "[{\"changed\": {\"fields\": [\"email\", \"last_login\"]}}]"}}, {"model": "admin.logentry", "pk": 28, "fields": {"action_time": "2020-06-30T07:56:54.286Z", "user": 1, "content_type": 4, "object_id": "3", "object_repr": "11111", "action_flag": 2, "change_message": "[{\"changed\": {\"fields\": [\"email\", \"last_login\"]}}]"}}]